time,Gate_1_upstream_level,Gate_2_upstream_level,Gate_3_upstream_level,Gate_1_flow,Gate_2_flow,Gate_3_flow,Gate_1_opening,Gate_2_opening,Gate_3_opening,rainfall_inflow,water_demand_1,water_demand_2,water_demand_3,control_command_1,control_command_2,control_command_3
0.0,10.000194690259239,8.000076588416873,6.000716790645298,50.000191508356664,39.99994605597981,29.99984097915251,0.500258872038862,0.49964942603035445,0.4998721034827119,0.0,50.0,40.0,30.0,10.0,8.0,6.0
10.0,10.008973281137749,8.007548352926273,6.011291395765159,50.001143172462534,40.00003758150669,30.000425633806486,0.5050357285786428,0.5052206787289631,0.5048866430803879,0.0,50.17452406437284,40.139619251498274,30.104714438623702,10.009983341664682,8.009983341664682,6.009983341664682
20.0,10.017694842467163,8.019405338851737,6.019907135608792,50.001047252791494,40.00025108833937,30.000452836201926,0.5099583872133115,0.5099591666710332,0.5101820869994976,0.0,50.34899496702501,40.279195973620006,30.209396980215004,10.019866933079506,8.019866933079506,6.0198669330795065
30.0,10.02636511871066,8.027280411971683,6.028327300395245,49.99892312316985,39.99894579436339,29.999866965873224,0.5148762539444721,0.5148310463019007,0.5149376965266483,0.0,50.523359562429434,40.41868764994355,30.314015737457662,10.029552020666134,8.029552020666134,6.029552020666134
40.0,10.033741642871705,8.037475449226326,6.033816079596479,49.99805588508811,39.9997941348193,29.998399553582512,0.5194440832226357,0.5197986085433359,0.5196670883547991,0.0,50.69756473744125,40.558051789953,30.41853884246475,10.038941834230865,8.038941834230865,6.038941834230865
50.0,10.041182330560773,8.04223325725637,6.042285435588725,50.000108032700716,39.99959602722129,30.00171451134502,0.5241588794899837,0.5242494832229398,0.5239959085102271,0.0,50.871557427476574,40.697245941981265,30.522934456485945,10.04794255386042,8.04794255386042,6.047942553860421
60.0,10.046356684415018,8.045706712527393,6.046242220283188,50.00049862723093,39.99957142299381,29.998992019385014,0.5282582806245244,0.5282522147493387,0.5285049042461418,0.0,51.045284632676534,40.83622770614123,30.627170779605922,10.056464247339504,8.056464247339504,6.056464247339504
70.0,10.048427606074673,8.049947969702481,6.049984201626079,49.99937265297117,39.99999128016643,29.999699005041794,0.5321497410302156,0.5323308989981451,0.5323407390976576,0.0,51.218693434051474,40.974954747241185,30.731216060430885,10.064421768723768,8.064421768723768,6.064421768723769
80.0,10.049633928876093,8.048361409038069,6.048605215287274,50.001372491927505,40.00064813040899,30.001248799320223,0.5361662832196405,0.5357584160076548,0.5357530156980391,0.0,51.39173100960065,41.11338480768052,30.83503860576039,10.071735609089952,8.071735609089952,6.071735609089952
90.0,10.048688639441144,8.049681926791049,6.049462420126479,49.999118214775315,40.00052377258949,30.000500135263643,0.5386280375147908,0.5393324272005371,0.5391784300262545,0.0,51.564344650402305,41.25147572032184,30.938606790241383,10.078332690962748,8.078332690962748,6.078332690962748
100.0,10.04479569069616,8.044064457019092,6.04403128280733,49.998740410229196,40.0008734479774,29.99996499532045,0.5420916377249988,0.5420834218106331,0.5420391137008573,0.0,51.73648177666931,41.38918542133545,31.041889066001584,10.08414709848079,8.08414709848079,6.0841470984807895
110.0,10.041729604966248,8.038629497284216,6.040106747407899,50.00151982690759,39.99802613256873,29.99953396205854,0.5442741536508173,0.5443128592287798,0.5444125203438157,0.0,51.90808995376545,41.526471963012355,31.144853972259266,10.089120736006144,8.089120736006144,6.0891207360061435
120.0,10.03255443866676,8.036240960502997,6.033856906380658,50.0017096604208,40.000309678571554,29.997182177206028,0.5469226839759219,0.5461868375161713,0.5467611241469107,0.0,52.07911690817759,41.66329352654208,31.247470144906554,10.093203908596722,8.093203908596722,6.093203908596722
130.0,10.025753215648665,8.025161758473347,6.025093784466572,50.00058816241169,39.99868033746622,30.00019952075914,0.5483968525114264,0.548154152479144,0.54794321604139,0.0,52.249510543438646,41.79960843475092,31.34970632606319,10.096355818541719,8.096355818541719,6.09635581854172
140.0,10.017060769152069,8.015897262009311,6.0176823717725,49.99899396787835,40.00043876169629,30.00176849531421,0.5494305086438782,0.5494471960822563,0.5494815527214141,0.0,52.41921895599668,41.93537516479735,31.45153137359801,10.098544972998846,8.098544972998846,6.098544972998846
150.0,10.005948057140914,8.007390371777586,6.006653419983624,49.9996106612657,39.9990260526354,29.999884752285766,0.5499522227945809,0.5501192013161986,0.5496777159998691,0.0,52.588190451025206,42.070552360820166,31.552914270615126,10.099749498660405,8.099749498660405,6.0997494986604055
160.0,9.996993258514948,7.998183353795138,5.996286932454958,50.00065212754121,40.0007988693029,29.999517739781282,0.5499607261192444,0.5502135865280561,0.5500628437144683,0.0,52.75637355816999,42.20509884653599,31.653824134901992,10.09995736030415,8.09995736030415,6.099957360304151
170.0,9.988399200119892,7.988421628509586,5.987384517500579,50.000526114829334,39.9997688452269,29.999835150895066,0.5497385445991926,0.5495462837289973,0.5490053752343864,0.0,52.92371704722737,42.3389736377819,31.75423022833642,10.099166481045247,8.099166481045247,6.099166481045247
180.0,9.977367365869744,7.977641322684751,5.979349430675708,50.00038045160266,39.99924099594234,29.99780341493709,0.5484807649623225,0.5486107608030051,0.5486959195096869,0.0,53.09016994374948,42.47213595499958,31.854101966249686,10.09738476308782,8.09738476308782,6.0973847630878195
190.0,9.967899386090409,7.969782419748279,5.969813817293331,50.00053240125656,40.00024130896954,29.999827756882887,0.5471765049175659,0.5471022974859056,0.547233789793761,0.0,53.255681544571566,42.604545235657255,31.953408926742938,10.09463000876874,8.09463000876874,6.094630008768742
200.0,9.962686640042891,7.961476907478945,5.961985832116595,49.999488924538376,40.00126562402037,29.99912440769954,0.5453468667478267,0.5454704115229756,0.5451961761191648,0.0,53.420201433256686,42.73616114660535,32.05212085995401,10.090929742682569,8.090929742682569,6.090929742682568
210.0,9.957108958418843,7.955868857734467,5.95714811844751,49.99993670651211,40.000651886723254,30.00186994587995,0.5432057291418556,0.5433363274484105,0.5432149880188981,0.0,53.583679495453005,42.866943596362404,32.1502076972718,10.086320936664887,8.086320936664887,6.086320936664888
220.0,9.953061704733742,7.952625871544211,5.950414978301514,50.000488718372495,39.99889331021554,29.999557578144845,0.5401338135318158,0.5406838025907933,0.5405399201616526,0.0,53.74606593415911,42.996852747327296,32.24763956049547,10.08084964038196,8.08084964038196,6.080849640381959
230.0,9.951760698860916,7.9502585921900355,5.951608217832208,49.997807129555135,40.00062974154092,29.999756096365687,0.5370674140172578,0.5374077427899855,0.5375663394141512,0.0,53.907311284892735,43.125849027914185,32.34438677093564,10.074570521217671,8.074570521217671,6.074570521217672
240.0,9.95047326427974,7.950957553176946,5.9498233380448635,50.00009565480435,39.99938064652256,30.00007855795053,0.5339401273275917,0.5336749591045116,0.5338448521689496,0.0,54.067366430758,43.2538931446064,32.4404198584548,10.067546318055115,8.067546318055115,6.067546318055115
250.0,9.952054268629308,7.9515316955302175,5.951631179458186,50.00017047669662,39.998054380196876,29.999943856562496,0.5299637483466038,0.5300404604331883,0.5297669705658182,0.0,54.22618261740699,43.380946093925594,32.5357095704442,10.059847214410397,8.059847214410397,6.059847214410396
260.0,9.95566830894095,7.95647008302117,5.952974050681087,49.99813130274423,40.00046371091462,29.99902991078696,0.5258477733551964,0.525470129801237,0.5255532357237473,0.0,54.38371146789077,43.506969174312616,32.63022688073446,10.051550137182147,8.051550137182147,6.051550137182146
270.0,9.96146956712404,7.961396056468313,5.96267446766259,50.00178465111361,40.00189565818973,29.998778291789385,0.5213982762009288,0.521531842657804,0.5214001577199452,0.0,54.539904997395475,43.631923997916374,32.72394299843728,10.042737988023383,8.042737988023383,6.042737988023383
280.0,9.96872417278178,7.967021617061301,5.9676558511078355,49.99994043432349,39.999179921627714,29.999906315654737,0.5166361426714645,0.5170267783337801,0.5171427490201003,0.0,54.694715627858905,43.75577250228712,32.81682937671534,10.03349881501559,8.03349881501559,6.033498815015591
290.0,9.975516100241878,7.977373410148867,5.975139860524466,50.00008079442179,40.00065671444189,29.999025492730752,0.5123664295823659,0.5121340975745138,0.511327698158066,0.0,54.84809620246337,43.8784769619707,32.90885772147802,10.023924932921398,8.023924932921398,6.023924932921398
300.0,10.261344142372069,8.269434888546526,6.261191834861071,54.999885925075816,44.00201582849049,32.99905097738872,0.5222542472591885,0.5217262452076273,0.5221231772606161,25.0,55.00000000000001,44.0,33.0,9.863906522065909,7.862288372831017,5.863936983568108
310.0,10.223894852415327,8.223634288805574,6.224198184498805,55.00089737604764,44.000981815796806,33.00168018656815,0.542711696997309,0.5432116775637278,0.5408608673031354,25.0,55.15038074910055,44.12030459928044,33.09022844946033,9.930294208671686,7.930346321393636,5.93023354225499
320.0,10.180471575365955,8.176064442556813,6.1657843468384455,55.001643452233736,44.001028494090335,32.997422456523054,0.5613726344632911,0.5619300307501967,0.5621734031826067,25.0,55.29919264233205,44.239354113865645,33.17951558539923,9.998870446381957,7.9997518729437855,6.001807892087459
330.0,10.120782563855812,8.133855685631527,6.130153862013007,55.002286704158166,44.00153955387383,32.999229268902,0.5804874095740645,0.5811770173241843,0.5824543367089463,25.0,55.44639035015027,44.35711228012021,33.26783421009016,10.069305896282852,8.06669127192771,6.0674316366514125
340.0,10.101560868518431,8.104421296128127,6.107074098686748,54.99607833171902,43.99988123414669,33.001156466128855,0.5989229163467479,0.5978666213109041,0.5989975330471516,25.0,55.59192903470746,44.47354322776597,33.35515742082448,10.127921831637895,8.127349746115957,6.126819185604233
350.0,10.103269106210899,8.11254391065015,6.098023348378535,54.99367915043174,44.00118398290506,33.00049103521454,0.6168741222927181,0.6168984483181433,0.6149321082429126,25.0,55.73576436351046,44.588611490808375,33.44145861810628,10.176442158373458,8.174587197485607,6.17749130993993
360.0,10.129616640705148,8.124328436942141,6.12492947706797,54.998989284229324,44.00324644584707,33.000379732130384,0.6288716841584715,0.631915281429722,0.6302029582202738,25.0,55.877852522924734,44.70228201833979,33.52671151375484,10.212177031013717,8.213234671766317,6.213114463741152
370.0,10.164687502944423,8.162047380125715,6.1655828994396815,55.00187946225397,43.998270711559094,33.00036963155446,0.6409932682809839,0.6391729314762676,0.6400702253821574,25.0,56.01815023152048,44.81452018521638,33.61089013891229,10.236674928154603,8.237202952718345,6.236495848855552
380.0,10.215866447799348,8.212734289436325,6.217291074129417,55.000357703066975,43.999954827296634,32.999811755244814,0.6479263585466507,0.6466150491581987,0.6454492955708874,25.0,56.156614753256584,44.925291802605265,33.69396885195395,10.247202612049577,8.24782904372218,6.246917686783562
390.0,10.256531839240719,8.263686982417202,6.260715528797218,55.002234845381956,44.001673297975856,32.99981298594587,0.6515278999991893,0.647893952087842,0.6484421145744266,25.0,56.29320391049837,45.034563128398695,33.77592234629902,10.248256635764237,8.24682560712894,6.247419897852938
400.0,10.289714751513918,8.290286756814492,6.302912010658285,55.001085873611906,44.00364096838268,33.00085231990464,0.6496934288136105,0.6513084736195083,0.6503526400078021,25.0,56.42787609686539,45.14230087749232,33.85672565811924,10.238864523684232,8.238750122624117,6.236225071855357
410.0,10.29892163605948,8.30140788598754,6.301152136784637,54.99732694828802,43.99883985588912,32.99876531327556,0.6436122418931407,0.6456580493576215,0.644444685097762,25.0,56.56059028990508,45.24847223192406,33.936354173943045,10.222434839792037,8.221937589806425,6.221988739647005
420.0,10.286493573958793,8.283041264190587,6.283826337671549,55.00258818746446,43.99557057892883,32.99819668113472,0.6344776715164347,0.6376160713319475,0.6351595633521965,25.0,56.691306063588584,45.35304485087087,34.014783638153155,10.199080957634724,8.199771419588366,6.199614404892174
430.0,10.244021248809474,8.252349869172978,6.241728933752858,54.99665111268483,44.00011093782262,32.99967149154912,0.6231220571436993,0.6229794450731808,0.6226422763588215,25.0,56.819983600624994,45.45598688049999,34.09199016037499,10.17151487960034,8.16984915552764,6.171973342611662
440.0,10.18869864600088,8.186147179612924,6.195699705437138,54.998701816276835,44.00272847769488,32.99763442429418,0.6098227919224863,0.6087883656520882,0.6086785136012992,25.0,56.94658370458997,45.55726696367198,34.16795022275398,10.137735428667353,8.138245721944944,6.1363352167801
450.0,10.14555060202878,8.15286014924018,6.1478250093450155,55.00159268701736,44.00608431305122,32.99753255794222,0.5920529650672236,0.5908756464973774,0.5910366945013525,25.0,57.071067811865476,45.656854249492376,34.242640687119284,10.094525425166772,8.093063515724491,6.094070543703523
460.0,10.112883638186101,8.118760892097963,6.105845955856794,54.99958850125305,43.99798354988216,32.995355130981075,0.5740837717748791,0.5722720164758649,0.5743447247501622,25.0,57.193398003386505,45.75471840270921,34.316038802031905,10.044290246592853,8.043114795810482,6.045697783058714
470.0,10.09247300573707,8.11086717858888,6.10034359492158,54.998121912374394,44.00087230902921,32.998613691973254,0.5543389137331629,0.5533518571744797,0.5519679608315351,25.0,57.31353701619171,45.85082961295336,34.38812220971502,9.988938026488594,7.985259191918231,5.987363908651692
480.0,10.11014388289479,8.119953936296511,6.116885717714125,54.999483596987936,44.0009414576853,33.00087966425492,0.5318078791396998,0.5331090802994849,0.5306886259184691,25.0,57.43144825477394,45.94515860381915,34.458868952864364,9.925673189054148,7.923711178373804,5.9243248220902816
490.0,10.14296776294088,8.146664669907315,6.141291596074209,55.00369922270276,43.99827172701396,33.00236478524276,0.5122928201194275,0.5123841394831268,0.5135765494693679,25.0,57.54709580222772,46.03767664178218,34.52825748133663,9.861462708636244,7.860723327242958,5.861797942009579
500.0,10.18834400522127,8.191603571181144,6.192044419597368,55.00088807939348,43.99779513856321,33.00299838191928,0.49526774841383575,0.4944062499677114,0.49627842346224377,25.0,57.66044443118978,46.12835554495183,34.59626665871387,9.799124865688936,7.79847295249696,5.798384782813716
510.0,10.230610747787077,8.240898950228653,6.237705855925179,54.9982507760903,44.00014872472038,33.00084038670271,0.47835544793047113,0.4810876277173022,0.47861529895071725,25.0,57.77145961456971,46.21716769165577,34.66287576874183,9.743915444164521,7.741857803676207,5.7424964225369015
520.0,10.276003778602474,8.281182455350182,6.277588671149787,55.00165123693541,43.998658941865244,32.99650028403179,0.46848866950796253,0.46672687200887636,0.46522021323573426,25.0,57.880107536067214,46.304086028853774,34.72806452164033,9.69645130355381,7.695415568204267,5.696134325044346
530.0,10.29129398639482,8.304929519404288,6.299692796476809,55.00049819848481,43.996614743578455,33.00123198847434,0.4579104764694807,0.4585901505636657,0.4582102486130675,25.0,57.98635510047293,46.389084080378346,34.79181306028376,9.664908576237195,7.6621814696353,5.663228814220796
540.0,10.297393697892778,8.292998123680194,6.303181605951667,55.00232675229225,44.00034082282885,33.00154621965569,0.45286770721139596,0.45304495767079533,0.45089548968363274,25.0,58.09016994374947,46.47213595499957,34.85410196624968,9.646240391401497,7.647119506244014,5.645082809789719
550.0,10.268284414054618,8.273184304739987,6.275195691984241,54.99946874486123,44.00096684637782,33.00004206744024,0.4510532434669995,0.45144238335997366,0.44803879905178323,25.0,58.191520442889924,46.553216354311935,34.91491226573395,9.646346055223866,7.645366077086791,5.6449637996379405
560.0,10.230776860002099,8.229814617383612,6.227518539757472,54.99879899100623,44.00360350297639,32.99749439091966,0.45366976858049346,0.4524652606988995,0.4544312923515959,25.0,58.29037572555041,46.63230058044033,34.97422543533025,9.660091309254184,7.660283757777882,5.66074297330311
570.0,10.178614945804673,8.169008941841085,6.168543373046363,54.99335153997312,43.99897803487232,33.000920665341745,0.4581465548047549,0.45812712907296527,0.45792149372715846,25.0,58.386705679454245,46.709364543563396,35.03202340767255,9.688478453139663,7.6903996539323805,5.690492767691325
580.0,10.135665323359294,8.134400742265148,6.14271385420478,55.002135951524515,43.99859321597319,33.000460958451654,0.4677287005914492,0.4683008187045494,0.467204972964226,25.0,58.48048096156426,46.78438476925141,35.08828857693856,9.72601835683753,7.726271273056358,5.724608650668431
590.0,10.102729794704523,8.10665648817607,6.10326883765911,54.99688845791793,44.00105908675002,32.99927823627474,0.4796850755563114,0.4806748874864538,0.4814233299564234,25.0,58.57167300702113,46.8573384056169,35.143003804212675,9.771396515625959,7.770611176931649,5.7712887070350405
600.0,10.090956936262126,8.10242512643184,6.1069298906217755,55.002777649729445,44.00135905647423,33.002733815621696,0.49616059314605404,0.49699980296519286,0.4973225637875491,25.0,58.66025403784438,46.92820323027551,35.19615242270663,9.820836737347443,7.818543099313502,5.817642146475515
610.0,10.118733650845538,8.118647163621704,6.12097423359624,54.996298390279634,44.00074026097179,33.00341294746262,0.5150039926335668,0.5144119927564185,0.5128782278747713,25.0,58.74619707139396,46.99695765711517,35.24771824283638,9.868784485159843,7.868801782604611,5.868336368609704
620.0,10.150781880047965,8.167080102371672,6.158938774612399,55.00307421040866,44.004181333646294,33.000678100467425,0.5334122552202388,0.5341763113756043,0.532281419801885,25.0,58.82947592858927,47.063580742871416,35.297685557153564,9.920162371355914,7.916902726891173,5.918530992443028
630.0,10.210273744408626,8.215007898206517,6.2170504408128,54.999541539576065,43.99727928568766,32.99887596768168,0.5509987251358014,0.5529702931457253,0.5518694509759666,25.0,58.91006524188368,47.128052193506946,35.346039145130206,9.968032165284615,7.967085334525037,5.9666768260037815
640.0,10.254511143065121,8.254395848613672,6.24743324423678,55.00313144378486,44.00085751097862,33.00419464408902,0.5735883827155647,0.5732514653623031,0.5720517802740226,25.0,58.98794046299167,47.19035237039334,35.392764277795,10.018550718917437,8.018573777807728,6.019966298683105
650.0,10.296813078123837,8.276665133187844,6.293142801045912,54.997180635652825,43.998778208543776,33.00093374335173,0.5913206619165357,0.5911314110404156,0.5905736453213872,25.0,59.0630778703665,47.2504622962932,35.4378467222199,10.066687495423224,8.070717084410422,6.06742155083881
660.0,10.305872571159536,8.299553938342843,6.293303892424413,54.99999590389171,43.99683746249073,32.99822792560264,0.6097770807767484,0.61164141359686,0.6072136005400051,25.0,59.13545457642601,47.3083636611408,35.481272745855605,10.116447540180259,8.117711266743598,6.118961275927285
670.0,10.28796393230818,8.281499701713345,6.283121041174298,55.0038969399101,44.0024265838457,33.0011164249718,0.6225394331146586,0.6242377430707929,0.6244992676056305,25.0,59.20504853452441,47.364038827619524,35.52302912071465,10.164519980524098,8.165812826643066,6.165488558750875
680.0,10.253893111148443,8.259775158489397,6.252986174477696,55.001635953925124,43.99531522943796,33.001751042110634,0.6368032538096524,0.6346205220629738,0.6354922654859931,25.0,59.271838545667876,47.4174708365343,35.56310312740072,10.206969922227259,8.205793512759069,6.207151309561409
690.0,10.20497463867045,8.193472514933546,6.20647328901954,54.99862287561586,43.997801873825175,32.996746935661584,0.6433030565948581,0.6466793230207434,0.6446273906870038,25.0,59.33580426497201,47.46864341197761,35.60148255898321,10.242113773099142,8.244414197846522,6.241814043029324
700.0,10.157492997056584,8.15662807127214,6.158980151953459,54.99979249160337,44.000652382728916,33.000507384029646,0.6497792638240214,0.6515638472002363,0.6478286710088637,25.0,59.39692620785908,47.517540966287264,35.638155724715446,10.265683607297145,8.265856592454034,6.26538617631777
710.0,10.130030216290777,8.117599840861521,6.118342217243294,54.99716219646332,43.9997865285096,32.99838067207995,0.648901717771619,0.6513255041521312,0.6491134344354514,25.0,59.45518575599317,47.56414860479453,35.6731114535959,10.273401952556753,8.275888027642605,6.275739552366249
720.0,10.103296113124692,8.105786439376194,6.104613951090453,55.00104915667497,44.00035624615548,32.99482731278366,0.6444878593011074,0.647591221242311,0.648865693405489,25.0,59.510565162951536,47.60845213036123,35.70633909777092,10.269038110339844,8.268540045089544,6.2687745427466925
730.0,10.09182040223391,8.097942786288582,6.1055560753776374,54.99780136820025,44.00208977454857,32.996918843739095,0.6382380641908687,0.6376057486341067,0.6391895737241432,25.0,59.563047559630355,47.650438047704284,35.73782853577821,10.250073271195369,8.248848794384434,6.247326136566624
740.0,10.143457728437571,8.135396024270557,6.133964288543262,54.998680415451744,43.99743673174074,32.998371459198886,0.6294244656380452,0.6293355799132708,0.6296408802652916,25.0,59.61261695938319,47.69009356750655,35.76757017562991,10.20778407452508,8.209396415358484,6.209682762503943
750.0,10.173716424454204,8.188891856517092,6.183673274531013,54.99819136417123,43.99870471308019,33.001525290710354,0.6144144240769461,0.6148665568061358,0.6145192041146322,25.0,59.65925826289068,47.72740661031254,35.79555495773441,10.160343067156294,8.157307980743717,6.158351697140933
760.0,10.230549566231662,8.239481755173147,6.234955426874806,55.0002102189843,43.997752161052446,32.99893277428165,0.5982158667557993,0.5973737287561861,0.6002107329844124,25.0,59.70295726275996,47.76236581020797,35.821774357655976,10.099809693409806,8.098023255621511,6.098928521281178
770.0,10.272124740654476,8.271518070207847,6.266167360314812,55.00555712211701,44.00022474756954,32.99957836681144,0.5790130950730944,0.5785174941086851,0.5814305085828754,25.0,59.74370064785235,47.79496051828188,35.84622038871141,10.036510558892815,8.036631892982141,6.037702034960748
780.0,10.300788292108962,8.29683203623282,6.2978710058067895,54.999667398352955,44.00109289695143,33.00059457913735,0.561222723984503,0.5619779173709533,0.560394045188415,25.0,59.78147600733805,47.825180805870446,35.868885604402834,9.97216843726804,7.972959688443268,5.972751894528475
790.0,10.29993069693387,8.305398977514546,6.302962507974051,55.002464553483875,44.0003468923816,33.00684756726416,0.5429587135868906,0.5422198934136876,0.5413331798597164,25.0,59.816271834476645,47.85301746758131,35.88976310068598,9.91244180554492,7.911348149428786,5.911835443336885
800.0,10.271077705924274,8.27632375152064,6.274776874345033,54.999540168822094,43.99685987876142,33.0049899298126,0.5214478449694401,0.5208735031966806,0.520138929076738,25.0,59.848077530122076,47.878462024097665,35.90884651807325,9.859413463815626,7.858364254696353,5.858673630131474
810.0,10.230343296781948,8.23228086910196,6.239403628862407,54.997995888238094,44.001893321858866,33.002300409327106,0.503568451884511,0.5025166268875534,0.5020993326242476,25.0,59.876883405951375,47.9015067247611,35.92613004357082,9.81220474472407,7.811817230260068,5.810392678307979
820.0,10.180503307788626,8.180767580883954,6.18844935776137,55.00074206754885,43.99872391576694,32.9981277135313,0.48595257824782845,0.48691592263975403,0.4864083038028147,25.0,59.90268068741571,47.92214454993257,35.941608412449426,9.772467333737891,7.772414479118825,5.7708781237433415
830.0,10.14012781536895,8.130664193853377,6.136889763703202,55.001162749882944,44.00246214083294,32.99817377320469,0.4720919112084932,0.4739882347847655,0.4729400455339304,25.0,59.92546151641322,47.94036921313058,35.95527690984794,9.738468813365921,7.740361537669035,5.73911642369907
840.0,10.111471872977196,8.10268729158006,6.1146905421133155,54.99852045775391,43.99673997768225,32.998549778900234,0.4596802101109375,0.46244224721090627,0.4624873016597659,25.0,59.94521895368273,47.95617516294619,35.96713137220964,9.711435515330109,7.713192431609537,5.710791781502886
850.0,10.100186416725688,8.099176341179781,6.101093544211848,55.00105308123683,44.001047240429266,32.9969297752041,0.4527173970470998,0.45298352332382485,0.45426101511375266,25.0,59.96194698091746,47.96955758473396,35.97716818855047,9.691543469090995,7.691745484200176,5.691362043593763
860.0,10.12297909685465,8.11935573296284,6.120750900507777,54.99529953119485,44.003605762854015,32.99827037595018,0.4506427277825161,0.4505800821402497,0.45283264359957787,25.0,59.975640502598246,47.9805124020786,35.98538430155895,9.676334160816591,7.677058833594953,5.676779800085965
870.0,10.1493392447062,8.155412045372824,6.152874268293238,54.99729219399921,43.99979913064527,33.00312150294766,0.45007808281185746,0.4509141321866908,0.4499445911009671,25.0,59.986295347545735,47.98903627803659,35.991777208527445,9.67233433691757,7.671119776784245,5.6716273322001625
880.0,10.191789741441161,8.200683546976903,6.196062674752926,55.00105275387801,43.99833053651968,32.99929521026277,0.45590283819207145,0.454513281523569,0.4548420383424333,25.0,59.99390827019096,47.99512661615276,35.99634496211457,9.676988702336331,7.675209941229181,5.676134115673977
890.0,10.257162110877676,8.24557945750462,6.250720908052666,55.00508880123084,44.00120476637608,33.00017626640036,0.46270288438787177,0.46296373130119123,0.4639673630225972,25.0,59.998476951563916,47.998781561251135,35.99908617093835,9.68840692397879,7.690723454653401,5.689695164543792
900.0,10.27714284012563,8.287914943267975,6.287069340858642,54.997446636947515,44.00326049632611,32.998868876320394,0.4728690900287699,0.4754796078813479,0.47474268805690867,25.0,60.0,48.0,36.0,9.719275257943371,7.717120837314901,5.717289957796768
910.0,10.311993126649897,8.293548960622683,6.294255418615869,55.00007148119456,43.9953861437587,32.99939192384862,0.4906560389599496,0.48890855995605104,0.48823551784523683,25.0,59.998476951563916,47.998781561251135,35.99908617093835,9.756151527948136,7.759840361153579,5.759699069554941
920.0,10.287104937239551,8.28854447764999,6.2933667799013735,55.000000073629714,44.00099518898068,33.00024716871115,0.5053615127801047,0.5068718570817909,0.5056077866379465,25.0,59.99390827019096,47.99512661615276,35.99634496211457,9.812209325930521,7.811921417848433,5.810956957398157
930.0,10.252806382180502,8.259972728252482,6.260164328015774,54.99824212454271,43.99929936645458,32.99984347927203,0.5252158419048912,0.5262915430220876,0.5247570374131564,25.0,59.986295347545735,47.98903627803659,35.991777208527445,9.875346625042914,7.873913355828517,5.873875035875859
940.0,10.219212242223515,8.209609372602738,6.211159451059492,54.99849910787639,44.001331371433935,32.99857037356969,0.5456268899926949,0.5440686063305817,0.5451230953658106,25.0,59.975640502598246,47.9805124020786,35.98538430155895,9.941296859291786,7.943217433215942,5.942907417524592
950.0,10.165657017604579,8.154596925999646,6.161362938230569,54.99997659247828,44.00176609586279,33.00106627512166,0.5652536401266002,0.5638134571202761,0.56599675686689,25.0,59.96194698091746,47.96955758473396,35.97716818855047,10.011831759377971,8.014043777698957,6.012690575252772
960.0,10.128322591364197,8.116200169838507,6.1296526566738185,55.002055442760856,44.00079741087022,32.99873376576108,0.5834288155198183,0.5858997064739745,0.5842373607611447,25.0,59.94521895368273,47.95617516294619,35.96713137220964,10.07732996037313,8.079754444678267,6.077063947311205
970.0,10.113719126911326,8.107339098330925,6.1006458980241485,54.99494197837059,44.00114934568277,32.99950779245525,0.6027691333916616,0.6018548711632947,0.6030597487003234,25.0,59.92546151641322,47.94036921313058,35.95527690984794,10.134175904165044,8.135451909881125,6.13679054994248
980.0,10.10470770352704,8.107943885632368,6.107711167824858,55.0011186047529,43.99961875726464,32.99595371491273,0.61659623952216,0.6198734915913137,0.6184071186647555,25.0,59.90268068741571,47.92214454993257,35.941608412449426,10.183647545315033,8.183000308893968,6.183046852455469
990.0,10.12356243891574,8.132384663603702,6.12338754198435,55.002492967086155,43.99789595373589,32.99487184059437,0.6309374595982143,0.6323599037038168,0.629308675308321,25.0,59.876883405951375,47.9015067247611,35.92613004357082,10.219389633468984,8.217625188531391,6.219424612855262
1000.0,10.169353611668008,8.17802087529689,6.168488190883798,55.00039055416078,43.99919507126654,32.99879601612575,0.6424702875302871,0.6421333582848401,0.6407705832635118,25.0,59.848077530122076,47.878462024097665,35.90884651807325,10.240012852884687,8.23827940015891,6.240185937041529
1010.0,10.223363850456689,8.22248354646231,6.221926552199585,54.99765176468107,44.0018913919478,32.9989752021246,0.6470858242053156,0.6464777067678328,0.6470780508408652,25.0,59.816271834476645,47.85301746758131,35.88976310068598,10.248073385238754,8.248249446037631,6.248360844890176
1020.0,10.272404128328143,8.267723931830103,6.27143836161928,55.00566440475136,43.99870490733743,33.001033653853305,0.6496789564965809,0.6495266642825028,0.649854808113136,25.0,59.78147600733805,47.825180805870446,35.868885604402834,10.245457044377172,8.24639308367678,6.245650197718945
1030.0,10.297007641382224,8.292901442119204,6.294099066111072,55.00184856213759,44.001215395537315,33.000526821916054,0.647145360718167,0.648938348933849,0.6474336011377226,25.0,59.74370064785235,47.79496051828188,35.84622038871141,10.23577048010914,8.236591719961744,6.23635219516337
1040.0,10.302341151615408,8.300175682995576,6.301832323274752,54.99751271663386,43.99795000174337,33.0012599823371,0.6421397844342296,0.6414933389683407,0.6437775668087649,25.0,59.70295726275996,47.76236581020797,35.821774357655976,10.218170339900091,8.218603433624057,6.2182721055682215
1050.0,10.28714638858305,8.282782433991601,6.283805159179816,54.99885862207191,44.00085839625981,33.00336559128804,0.6340070879445492,0.6333812097242674,0.6317476306387425,25.0,59.65925826289068,47.72740661031254,35.79555495773441,10.193567413844207,8.194440204762497,6.194235659724853
1060.0,10.236769930854093,8.233987616630277,6.241630034937343,54.998273365724735,44.00372211709121,33.00155998406247,0.6202007651308338,0.6224732433264067,0.6213364629330672,25.0,59.61261695938319,47.69009356750655,35.76757017562991,10.165994380700976,8.166550843545739,6.165022359884326
1070.0,10.182188343473273,8.19928597152253,6.189965060184653,54.99799206776636,44.00048124650333,32.99695325407382,0.6046239263474422,0.6045502498208383,0.6059000763306434,25.0,59.563047559630355,47.650438047704284,35.73782853577821,10.130756847360644,8.127337321750792,6.129201504018367
1080.0,10.141644798747953,8.136625391009678,6.144388553912503,54.99915274931023,43.99897562229902,32.998183006638406,0.589891431288732,0.5888797732451957,0.588982093455354,25.0,59.510565162951536,47.60845213036123,35.70633909777092,10.086046187746891,8.087050069294547,6.085497436713981
1090.0,10.118921729734968,8.110437116008928,6.111262002151054,54.99743733447012,44.00040495318297,33.0020874941616,0.5688386546148843,0.5680644968715416,0.5686272209292216,25.0,59.45518575599317,47.56414860479453,35.6731114535959,10.033211656791638,8.034908579536845,6.034743602308421
1100.0,10.09759726060011,8.09814096220009,6.100393723958057,54.99716646472276,43.99728575927527,33.00151864491735,0.5478568237015506,0.5482696664753651,0.5495349034162141,25.0,59.39692620785908,47.517540966287264,35.638155724715446,9.977825155092857,7.977716414772861,5.977265862421268
1110.0,10.110381985385313,8.10479941422908,6.116407118605408,54.996037090945414,43.996400279990766,33.00210556805809,0.5304944970650546,0.5281955513622478,0.5293620963056809,25.0,59.33580426497201,47.46864341197761,35.60148255898321,9.91572267674091,7.916839190972157,5.914517650096891
1120.0,10.15113805298616,8.150453719202819,6.145672205607448,54.998139802706184,44.00188499664342,33.00093368591948,0.5123822150944987,0.5116888438414918,0.5113835873864078,25.0,59.271838545667876,47.4174708365343,35.56310312740072,9.850505684466338,7.850642551223006,5.85159885394208
1130.0,10.193824548362725,8.189386099962762,6.2059218752373795,55.00257065596219,44.00428240316266,32.99843776441838,0.49309957671498766,0.49145807871772956,0.4915080165978448,25.0,59.20504853452441,47.364038827619524,35.52302912071465,9.789657393794585,7.790545083474579,5.787237928419655
1140.0,10.235891404557105,8.234212479490125,6.240675800251191,55.00078681759897,44.003773938247875,33.002153956862195,0.47808305632414333,0.4775955366109632,0.4786467979890836,25.0,59.13545457642601,47.3083636611408,35.481272745855605,9.735773292275306,7.736109077288702,5.734816413136488
1150.0,10.288337440687982,8.287148661126539,6.281963867486851,55.00296353087601,44.001703071601874,32.999049569174474,0.4640189348112026,0.4643733174158911,0.46490612246748564,25.0,59.0630778703665,47.2504622962932,35.4378467222199,9.688466390609852,7.688704146522141,5.689741105250079
1160.0,10.29809311991184,8.297057334963068,6.301236993155381,55.000987800266564,43.99534262827412,32.996357698446594,0.4568450152062167,0.45802335745930045,0.45577357244817746,25.0,58.98794046299167,47.19035237039334,35.392764277795,9.65981840145927,7.660025558449025,5.659189626810562
1170.0,10.299391126044139,8.291251016434778,6.298723665201762,55.001042927112415,44.00292578354055,33.00209146007598,0.45043789994761363,0.45053603253253305,0.4519270312435957,25.0,58.91006524188368,47.128052193506946,35.346039145130206,9.644047107354979,7.6456751292768494,5.644180599523453
1180.0,10.260820853281533,8.259927798543606,6.267582653063184,54.996468067126735,44.00019827029954,32.99747981760887,0.44927268151589295,0.4491846567046269,0.4496459668884962,25.0,58.82947592858927,47.063580742871416,35.297685557153564,9.648053031702705,7.64823164265029,5.646700671746375
1190.0,10.212286152314768,8.223407035054986,6.213694492423728,55.00122058218597,44.00353896150725,32.9977878722205,0.4518617467328164,0.45184841636172624,0.4541832210224792,25.0,58.74619707139396,46.99695765711517,35.24771824283638,9.666003235813887,7.663779059265844,5.665721567792096
1200.0,10.172136953602806,8.161265470387312,6.167541762998173,54.99819952521499,44.00126084952794,33.00207106076862,0.46032699644665487,0.4594674326797625,0.4604760707718963,25.0,58.66025403784438,46.92820323027551,35.19615242270663,9.693899100677452,7.696073397320551,5.694818138798379
1210.0,9.960287399666216,7.9602055147894974,5.958296821526598,49.99934423748437,39.99919619266983,30.000133349049342,0.47713868599407444,0.4776648070707201,0.47743027707198016,0.0,58.57167300702113,46.8573384056169,35.143003804212675,9.95503525354654,7.95503525354654,5.95503525354654
1220.0,9.966151183471021,7.965484286828606,5.966130436148317,50.00066863291065,40.00219389911559,30.000087643888104,0.48214749056577966,0.4818682325523543,0.4820063844298547,0.0,58.48048096156426,46.78438476925141,35.08828857693856,9.964177071776318,7.964177071776318,5.964177071776318
1230.0,9.973439636985528,7.974349120424879,5.974876656264856,50.001244843204255,39.999873959227585,30.00030352177601,0.4872023804277805,0.4865681512805806,0.4866872934923964,0.0,58.386705679454245,46.709364543563396,35.03202340767255,9.97367682086342,7.97367682086342,5.97367682086342
1240.0,9.984273605336966,7.983994220907434,5.982816896028847,49.999212017656205,40.0002695835556,30.00008022159643,0.49177781500700624,0.49161843186618054,0.4919365053649004,0.0,58.29037572555041,46.63230058044033,34.97422543533025,9.98343958245517,7.983439582455169,5.983439582455169
1250.0,9.992084578682869,7.992931307742955,5.991405392941317,49.999084338939724,39.99916223220475,29.99968865519769,0.49668659689396144,0.4960538203934367,0.4963021056385813,0.0,58.191520442889924,46.553216354311935,34.91491226573395,9.99336781026488,7.99336781026488,5.99336781026488
1260.0,10.004025588723753,8.004715739558806,6.003293012233633,49.99910953516488,39.99829639051222,29.99908529222741,0.5017555404778508,0.5018542382426338,0.5015284329691482,0.0,58.09016994374947,46.47213595499957,34.85410196624968,10.003362304722113,8.003362304722113,6.003362304722113
1270.0,10.013904730605688,8.012989226949305,6.013708898882637,50.0005650312309,40.00080089416009,30.00123265646766,0.5067528277897656,0.5070780756043725,0.5069341501322183,0.0,57.98635510047293,46.389084080378346,34.79181306028376,10.013323204141994,8.013323204141994,6.013323204141995
1280.0,10.023302551752272,8.023161736165513,6.022211237807384,49.999077383840984,40.00099663629018,29.999391783351673,0.511619251681547,0.5113486335330854,0.5118101759176659,0.0,57.88010753606723,46.30408602885378,34.728064521640334,10.023150982510154,8.023150982510154,6.0231509825101535
1290.0,10.031655412886039,8.031172145206488,6.0322449403696465,50.000628250356144,40.00203034503266,30.000020302663103,0.516670548660471,0.5164848576535274,0.5160394637933966,0.0,57.77145961456971,46.21716769165577,34.66287576874183,10.032747443913768,8.032747443913768,6.032747443913769
1300.0,10.039733664268866,8.039222795165989,6.039351535136069,49.99820297591874,40.00006114871447,30.001735183071293,0.5210302811217825,0.5213442643533303,0.5213119912955542,0.0,57.66044443118978,46.12835554495183,34.59626665871387,10.042016703682664,8.042016703682664,6.042016703682664
1310.0,10.0440478265392,8.044248504992192,6.04475680512998,50.000562561484244,40.00097099135949,29.99900324511466,0.5257520032236562,0.52501543075699,0.5255565808285488,0.0,57.54709580222772,46.03767664178218,34.52825748133663,10.050866146437237,8.050866146437237,6.0508661464372375
1320.0,10.047261059045555,8.048262871042155,6.046433211839865,50.00073134676963,40.00029735694437,30.000216037672267,0.529846285987214,0.5295832949318886,0.5298555338463516,0.0,57.43144825477394,45.94515860381915,34.458868952864364,10.059207351470722,8.059207351470722,6.0592073514707225
1330.0,10.048973920504606,8.04799615746682,6.050063680791904,50.00039760445383,40.001067497704376,29.998927316823615,0.5336034093355343,0.5336686301232404,0.5333178574246991,0.0,57.31353701619171,45.85082961295336,34.38812220971502,10.066956976219661,8.066956976219661,6.06695697621966
1340.0,10.048657461339785,8.050826938686967,6.047117532890912,50.00104214328208,39.999965885241465,30.00016413172076,0.5370113476641293,0.5368877610310492,0.5369140826029898,0.0,57.19339800338652,45.754718402709216,34.31603880203191,10.074037588995244,8.074037588995244,6.074037588995245
1350.0,10.048248921456702,8.047886091735718,6.046771169047318,49.999764958947054,39.999918095461645,30.000235426796035,0.5400557671272259,0.5403245423993895,0.5399110821853476,0.0,57.071067811865476,45.656854249492376,34.242640687119284,10.080378442655162,8.080378442655162,6.080378442655162
1360.0,10.045229327868437,8.0445352590135,6.044088892494645,50.00210884216217,39.999394731619866,29.999464461506232,0.5427913631131249,0.5428200977727939,0.5428306572145459,0.0,56.94658370458997,45.55726696367198,34.16795022275398,10.085916181485649,8.085916181485649,6.08591618148565
1370.0,10.040634282393734,8.039293100236275,6.037770229884086,50.00045229514074,39.99897726284275,29.99970451055726,0.5453134689833273,0.5451316906854167,0.5452768494951079,0.0,56.819983600624994,45.45598688049999,34.09199016037499,10.090595474230847,8.090595474230847,6.090595474230846
1380.0,10.03132378420411,8.031508949560425,6.031925686586559,50.001598940532816,40.00085001029041,30.000753699804793,0.5471892179799357,0.5471474096541096,0.547358502869567,0.0,56.69130606358858,45.35304485087086,34.01478363815315,10.09436956694441,8.09436956694441,6.094369566944411
1390.0,10.023069444856722,8.020844949924582,6.021697572888833,50.00048707069979,39.99947471134314,29.999084471177877,0.5486060564389995,0.5487241020052662,0.5483230420243905,0.0,56.56059028990508,45.24847223192406,33.936354173943045,10.097200750139498,8.097200750139498,6.097200750139498
1400.0,10.013599730546867,8.015243878720751,6.012736893889944,49.99962757089883,39.999257227204815,30.001015431297173,0.5492858728987962,0.5496291094612022,0.54977800967999,0.0,56.42787609686539,45.14230087749232,33.85672565811924,10.099060735569488,8.099060735569488,6.099060735569487
1410.0,10.003075852458029,8.004408402514333,6.003274087185786,49.99997687991766,40.0018711045872,29.999480208704533,0.5498525389486953,0.5498946793835487,0.5501098058199052,0.0,56.29320391049837,45.034563128398695,33.77592234629902,10.099930938874792,8.099930938874792,6.099930938874792
1420.0,9.993737413129766,7.994736760431341,5.994731222476257,50.00132112131765,40.00054539456748,29.999214219000592,0.5496814877374945,0.5498672850264005,0.5497023133146014,0.0,56.156614753256584,44.925291802605265,33.69396885195395,10.099802665271636,8.099802665271636,6.099802665271636
1430.0,9.984416081448881,7.983934231423732,5.9847160788708775,50.00117779226647,40.000699660921256,29.998996266121292,0.5491743470322563,0.549434218601656,0.5492670894846968,0.0,56.01815023152048,44.81452018521638,33.61089013891229,10.098677196427461,8.098677196427461,6.098677196427461
1440.0,9.97473445436609,7.9766445795544945,5.974856105877736,49.99995942557312,39.99885285739931,30.001301813451523,0.5481317482098529,0.5484207006316274,0.5485690801201523,0.0,55.877852522924734,44.70228201833979,33.52671151375484,10.096565777654927,8.096565777654927,6.096565777654928
1450.0,9.966768803540857,7.967955275535203,5.9678638960021235,49.998508706686984,39.99982327439815,29.998300517566456,0.5465893254890772,0.5468674689002011,0.5466609488315406,0.0,55.73576436351046,44.588611490808375,33.44145861810628,10.09348950555247,8.09348950555247,6.093489505552468
1460.0,9.960555142617425,7.959486625134602,5.960790534348861,49.99981498182626,39.99793110308413,30.002324086433056,0.5447062937018399,0.5447729126187262,0.5448161438383299,0.0,55.59192903470746,44.47354322776597,33.35515742082448,10.08947911721405,8.08947911721405,6.089479117214051
1470.0,9.955293573693078,7.954866698297407,5.955294854358572,50.0003594225568,39.99939130138562,29.998461723702913,0.5426487700375988,0.5419293055019467,0.541959540954872,0.0,55.446390350150274,44.35711228012022,33.267834210090165,10.084574683114294,8.084574683114294,6.084574683114293
1480.0,9.951470467395682,7.952525023178819,5.950098342160551,49.99918233892696,40.00241357695458,29.999474660976965,0.5395233642249735,0.5391001295530843,0.5393175866677403,0.0,55.29919264233205,44.239354113865645,33.17951558539923,10.078825206737532,8.078825206737532,6.078825206737531
1490.0,9.949990896448165,7.9507587539162,5.950299416661445,50.00184217054859,40.00015424882684,30.001634803520663,0.5359533855425355,0.5362203586534185,0.5363208429035291,0.0,55.150380749100535,44.12030459928043,33.09022844946032,10.072288134951197,8.072288134951197,6.072288134951197
1500.0,9.950882838504842,7.948961807045618,5.951694122937068,49.998523993541106,39.99825558132737,30.00049915977996,0.532425341118705,0.5324322880949913,0.5328597598249769,0.0,55.00000000000001,44.0,33.0,10.06502878401571,8.06502878401571,6.065028784015712
1510.0,9.954703600609294,7.952685204334101,5.954366343868166,49.999421692328326,40.00100136568656,29.99948722569523,0.5288576938598869,0.5285196111616638,0.5288286103754202,0.0,54.84809620246337,43.8784769619707,32.90885772147802,10.057119686965999,8.057119686965999,6.057119686965999
1520.0,9.956842058689617,7.957461207445405,5.957724996174268,49.998922883921544,40.00203146965497,29.999986495344416,0.5244109003475352,0.5248903826782102,0.5246205941292287,0.0,54.694715627858905,43.75577250228712,32.81682937671534,10.04863986888538,8.04863986888538,6.04863986888538
1530.0,9.965230850950523,7.964071809793879,5.964531892875932,50.00080164070745,40.00186896335531,30.000471150978644,0.519498548848925,0.5197124496496309,0.5198651908931666,0.0,54.539904997395475,43.631923997916374,32.72394299843728,10.03967405731306,8.03967405731306,6.039674057313062
1540.0,9.971838342849935,7.970287681478211,5.97273143538031,49.99978245856238,39.99915492442364,30.000459171988084,0.515138360791068,0.5153988340883402,0.5150236817483128,0.0,54.38371146789077,43.506969174312616,32.63022688073446,10.03031183567457,8.03031183567457,6.030311835674571
1550.0,9.97992835626301,7.980140238709199,5.980464805466371,49.999646478994286,40.001465609534925,29.999695615190802,0.5103858608085272,0.5097960886358939,0.5101994378268248,0.0,54.22618261740699,43.380946093925594,32.5357095704442,10.02064674819378,8.02064674819378,6.02064674819378
1560.0,9.990936840223457,7.98884299305489,5.988143473859289,49.99878518158936,40.00110053459856,30.000125309932482,0.5049604201701378,0.505118182933066,0.5053229855846048,0.0,54.067366430758,43.2538931446064,32.4404198584548,10.010775365229945,8.010775365229945,6.010775365229945
1570.0,9.998592538917046,7.998030723643706,5.999606528366322,49.9996216025526,39.999017100275296,29.998839479275972,0.5003047806059576,0.5003942010591261,0.5001340058026715,0.0,53.907311284892735,43.125849027914185,32.34438677093564,10.000796318378594,8.000796318378594,6.000796318378594
1580.0,10.01002185424522,8.00908534730089,6.009964453989993,50.00107697236078,39.999482638478334,29.999487161951063,0.4952587016879525,0.49525904687790334,0.4950967053117868,0.0,53.74606593415913,42.9968527473273,32.24763956049548,9.990809314977232,7.9908093149772315,5.9908093149772315
1590.0,10.018805404502572,8.017290058125436,6.017992390046888,49.99713555264082,39.99747809379342,29.999347630835086,0.4903524704400086,0.49047260454175046,0.49050315212869167,0.0,53.583679495453005,42.866943596362404,32.1502076972718,9.98091414186258,7.980914141862581,5.980914141862581
1600.0,10.027971049255605,8.02687212666304,6.026000088081941,50.00152496474033,40.00038577848074,30.000894837349673,0.4857929813373279,0.4852919101024961,0.4854698611786361,0.0,53.420201433256686,42.73616114660535,32.05212085995401,9.971209668333493,7.971209668333493,5.971209668333493
1610.0,10.036903300699988,8.03461967561114,6.035767354641223,49.99870368025804,39.99931998993535,29.999467986890366,0.48069733532604175,0.48120595608270944,0.4807381876109301,0.0,53.255681544571566,42.604545235657255,31.953408926742938,9.9617928582816,7.961792858281599,5.961792858281599
1620.0,10.040349868982815,8.042013516057487,6.041259372225213,49.99919030715967,40.00056484780552,29.999542018711892,0.4762594678001174,0.47652325683221664,0.4764584542587492,0.0,53.09016994374948,42.47213595499958,31.854101966249686,9.952757801360153,7.952757801360153,5.952757801360153
1630.0,10.04504785585969,8.045277423319368,6.047390405935201,50.00175100911367,39.999838714202724,29.99812839990756,0.47174957224551023,0.47222483756264405,0.4721464159982992,0.0,52.92371704722737,42.3389736377819,31.75423022833642,9.944194772871322,7.944194772871322,5.944194772871322
1640.0,10.04756140208744,8.048826392992357,6.048457212019262,49.99982704436924,40.001511796172714,29.998939174225647,0.46835032898782925,0.46806827164714926,0.4679490471851219,0.0,52.75637355816999,42.20509884653599,31.653824134901992,9.936189331765206,7.936189331765205,5.936189331765205
1650.0,10.04988979753566,8.049487203018055,6.049548668691648,50.00024082777918,40.00050571183058,29.997899363786058,0.464556624957896,0.4644225101767251,0.46411488788507443,0.0,52.588190451025206,42.070552360820166,31.552914270615126,9.928821465763088,7.928821465763088,5.928821465763088
1660.0,10.049185525129118,8.046834731424493,6.0477122958754554,50.00098904425701,39.99963144986911,30.000844528795394,0.4611598228522685,0.4612351561478092,0.4611980985891309,0.0,52.41921895599668,41.93537516479735,31.45153137359801,9.922164792146571,7.92216479214657,5.92216479214657
1670.0,10.04569929581161,8.046778801751312,6.045772115686976,50.00081639445289,40.00017464988858,30.000545843087405,0.4580328795632837,0.4582254083172391,0.45810015690291683,0.0,52.249510543438646,41.79960843475092,31.34970632606319,9.916285822198025,7.9162858221980255,5.9162858221980255
1680.0,10.040876735166064,8.040612974820085,6.040518337944408,49.999226134831105,40.000253128511666,29.99849862904964,0.4554219121191368,0.4557000582250981,0.45552178570927615,0.0,52.07911690817759,41.66329352654208,31.247470144906554,9.91124329664185,7.9112432966418496,5.9112432966418496
1690.0,10.035244503677719,8.033200020296297,6.03314787044366,50.00202845685739,40.00111288655641,29.998516332158346,0.453448828483607,0.45369064947526216,0.4533759805301672,0.0,51.90808995376545,41.526471963012355,31.144853972259266,9.907087598726562,7.907087598726563,5.907087598726563
1700.0,10.027470904847766,8.026284758992434,6.0279087910273335,49.99940888341553,39.99877998062506,30.001260700974257,0.4520931116449121,0.4524035312663199,0.45193583222666023,0.0,51.73648177666931,41.38918542133545,31.041889066001584,9.903860250812045,7.903860250812044,5.903860250812044
1710.0,10.01759320243382,8.019488818363586,6.018222349734476,49.99924785282607,40.00037089366289,30.000571086022905,0.45084871701133916,0.45073312595671977,0.4511971611899164,0.0,51.564344650402305,41.25147572032184,30.938606790241383,9.901593499491836,7.9015934994918355,5.9015934994918355
1720.0,10.008277711589978,8.006339275009703,6.006515950615126,49.99948426698166,39.99985247306654,30.001000693685526,0.45021712887148896,0.45056015013398965,0.4504488937057702,0.0,51.39173100960066,41.11338480768053,30.835038605760396,9.90030999339584,7.90030999339584,5.90030999339584
1730.0,9.998601812661672,7.99700850398422,5.995927726788705,50.00000977340478,39.99947294635655,29.998533654458754,0.45015419040157084,0.45015993726104925,0.449784954101921,0.0,51.218693434051474,40.974954747241185,30.731216060430885,9.900022556892699,7.900022556892699,5.900022556892699
1740.0,9.987088367460151,7.988000881822184,5.98917965423254,49.999871205649235,39.9996110569089,30.000097774824198,0.450303985832615,0.4504735747059032,0.45065601745105693,0.0,51.045284632676534,40.83622770614123,30.627170779605922,9.900734061952937,7.900734061952937,5.900734061952937
1750.0,9.977779336364446,7.979121007552175,5.977899611531573,50.00046481364222,40.00109749653968,29.99871993801422,0.4514274696761346,0.4510549447586136,0.4513368193003566,0.0,50.87155742747659,40.69724594198127,30.522934456485952,9.902437399453184,7.902437399453184,5.902437399453184
1760.0,9.969880961648345,7.970608736830716,5.97003864615856,49.99968282085545,39.99978844418712,30.000528887939506,0.4527110870229737,0.4524682609179899,0.4525203765842567,0.0,50.69756473744125,40.558051789953,30.41853884246475,9.905115550208187,7.905115550208188,5.905115550208188
1770.0,9.96277682176175,7.960716184000471,5.96236637292366,49.99980510239507,39.999761483556306,30.000499798973017,0.4545873824193349,0.4540798780814079,0.4544490037137557,0.0,50.523359562429434,40.41868764994355,30.314015737457662,9.908741755020882,7.908741755020881,5.908741755020881
1780.0,9.955702227812774,7.9562518924055174,5.956871245153939,49.99858488080288,40.00096371984844,30.002294246328486,0.45680601510624574,0.45676314043901867,0.4567298974139966,0.0,50.34899496702501,40.279195973620006,30.209396980215004,9.913279782051442,7.913279782051442,5.913279782051442
1790.0,9.953455340595012,7.954362522476501,5.951422570941433,50.000482205123696,39.99987940858901,30.00114913161881,0.459377360379546,0.45895288742873075,0.4593490403366632,0.0,50.17452406437284,40.139619251498274,30.104714438623702,9.918684288833852,7.918684288833852,5.918684288833852
